Metric,AUC,F1-Score,Top-K Accuracy
euclidean,0.945226292159193,0.709946577732904,1.0
cosine,0.9447107182334874,0.7584104393740283,1.0
