Metric,AUC,F1-Score,Top-K Accuracy
euclidean,0.9468596012383873,0.709946577732904,1.0
cosine,0.9471027827930886,0.7584104393740283,1.0
